{"inputUnits":[34],"outputUnits":4,"inputs":{"0":{"dtype":"number","min":361.1505796198259,"max":422.62669018602276},"1":{"dtype":"number","min":89.5238996063292,"max":106.35958487527412},"2":{"dtype":"number","min":369.0921567801611,"max":431.7242645799068},"3":{"dtype":"number","min":81.69510854382727,"max":98.96521927088091},"4":{"dtype":"number","min":354.0931258471156,"max":414.8396937796014},"5":{"dtype":"number","min":81.97909840366296,"max":99.16459739789161},"6":{"dtype":"number","min":379.77088705140943,"max":443.86283681174234},"7":{"dtype":"number","min":89.49434455142847,"max":105.75885854501703},"8":{"dtype":"number","min":343.89285736381424,"max":402.74611742640565},"9":{"dtype":"number","min":88.28843144645467,"max":106.0212692647417},"10":{"dtype":"number","min":397.824202717861,"max":455.1161396108408},"11":{"dtype":"number","min":128.78028557314508,"max":150.65709045291177},"12":{"dtype":"number","min":326.321923328422,"max":381.28045749478406},"13":{"dtype":"number","min":126.9739673755787,"max":149.911112348471},"14":{"dtype":"number","min":435.8427024677715,"max":471.91636113395464},"15":{"dtype":"number","min":83.50906937210647,"max":214.24848530492352},"16":{"dtype":"number","min":265.0727174993147,"max":324.43573414466067},"17":{"dtype":"number","min":78.30945228740254,"max":205.06830880981204},"18":{"dtype":"number","min":452.6045783267848,"max":527.454666226928},"19":{"dtype":"number","min":29.23884995964302,"max":273.62786425019794},"20":{"dtype":"number","min":216.66128058182565,"max":327.00536716751185},"21":{"dtype":"number","min":34.57578067891082,"max":251.5354851021869},"22":{"dtype":"number","min":385.5653372424388,"max":442.32074254205116},"23":{"dtype":"number","min":240.0855174817537,"max":261.6518567180076},"24":{"dtype":"number","min":336.2218744527062,"max":386.1355055424205},"25":{"dtype":"number","min":243.38876705653018,"max":264.58617450201024},"26":{"dtype":"number","min":374.8964186997441,"max":437.21716124179534},"27":{"dtype":"number","min":318.31127620347524,"max":365.4404917934484},"28":{"dtype":"number","min":336.5881978233887,"max":379.76069444801374},"29":{"dtype":"number","min":316.4625159667017,"max":370.6081219351547},"30":{"dtype":"number","min":358.87664895308643,"max":443.82609852573324},"31":{"dtype":"number","min":415.68109077319764,"max":462.0579130235935},"32":{"dtype":"number","min":341.21902703774134,"max":387.9488475420321},"33":{"dtype":"number","min":382.95284457141656,"max":458.1248188576503}},"outputs":{"0":{"dtype":"string","min":0,"max":1,"uniqueValues":["q","w","e","r"],"legend":{"q":[1,0,0,0],"w":[0,1,0,0],"e":[0,0,1,0],"r":[0,0,0,1]}}},"isNormalized":true}